갈래,거래처,날짜,무엇,밖 장부,우리 앱,차이,비고
"세액","화성 청정식품(고추가루)","2026-08-03","합계 3,230,000","49091","293637","244546","260803-11"
"세액","(주)수암식품","2026-08-03","합계 2,320,000","0","210909","210909","밖=면세 260803-07"
"세액","모란식품","2026-08-04","합계 6,110,000","471273","555455","84182","260804-03"
"세액","동일농산","2026-08-04","합계 532,000","0","48364","48364","밖=면세 260804-07"
"세액","대왕푸드(우리식품)","2026-08-05","합계 113,000","0","10273","10273","밖=면세 260805-08"
"세액","(주)거산농산","2026-08-05","합계 3,753,600","163964","341237","177273","260805-04"
"세액","일성상회","2026-08-05","합계 800,000","0","72727","72727","밖=면세 260805-10"
"세액","화성 청정식품(고추가루)","2026-08-06","합계 438,000","0","39818","39818","밖=면세 260806-05"
"세액","대성농산","2026-08-06","합계 292,000","0","26545","26545","밖=면세 260806-06"
"세액","대왕푸드(우리식품)","2026-08-06","합계 165,000","14182","15000","818","260806-07"
"세액","대왕푸드(우리식품)","2026-08-07","합계 504,800","35346","45891","10545","260807-03"
"세액","일성상회","2026-08-07","합계 300,000","0","27273","27273","밖=면세 260807-02"
"세액","홍인농산","2026-08-07","합계 1,040,000","0","94546","94546","밖=면세 260807-04"
"세액","살림터","2026-08-10","합계 1,428,000","0","129818","129818","밖=면세 260810-01"
"세액","서래농산","2026-08-10","합계 4,010,000","0","364545","364545","밖=면세 260810-04"
"세액","대왕푸드(우리식품)","2026-08-10","합계 592,500","40227","53863","13636","260810-10"
"세액","일성상회","2026-08-10","합계 940,000","0","85455","85455","밖=면세 260810-08"
"세액","(주)거산농산","2026-08-19","합계 5,144,800","352800","313273","-39527","260819-09"
"세액","동일농산","2026-08-20","합계 210,000","0","19091","19091","밖=면세 260820-01"
"세액","영동씨푸드(주)","2026-08-26","합계 160,000","0","14545","14545","밖=면세 260826-07"
"세액","주식회사 새봄푸드","2026-08-27","합계 1,612,000","132909","146545","13636","260827-15"
"세액","(주)한통","2026-08-27","합계 6,728,000","457091","611636","154545","260827-08"
"세액","영광농산","2026-08-27","합계 576,000","0","52364","52364","밖=면세 260827-14"
"세액","대왕푸드(우리식품)","2026-08-28","합계 1,159,200","74837","105382","30545","260827-12"
"미수","(유)에스제이엠","2026-08-31","마감시점미수","2376880","281930","-2094950","c-1780383266745"
"미수","(유)에스제이엠","2026-08-31","마감시점미수","0","281930","281930","c-1780383266745"
"미수","(주)거산농산","2026-08-31","마감시점미수","8268000","(우리 앱에 없는 거래처)","",""
"미수","(주)대만농수산물류","2026-08-31","마감시점미수","25200000","(우리 앱에 없는 거래처)","",""
"미수","(주)대승종합식자재","2026-08-31","마감시점미수","4443500","(우리 앱에 없는 거래처)","",""
"미수","(주)대아에프엔에스","2026-08-31","마감시점미수","1860000","(우리 앱에 없는 거래처)","",""
"미수","(주)더마트식자재센터","2026-08-31","마감시점미수","35632500","(우리 앱에 없는 거래처)","",""
"미수","(주)수암식품","2026-08-31","마감시점미수","116000","(우리 앱에 없는 거래처)","",""
"미수","(주)제이에스무역","2026-08-31","마감시점미수","-450000","(우리 앱에 없는 거래처)","",""
"미수","(주)제이엠푸드","2026-08-31","마감시점미수","17500","(우리 앱에 없는 거래처)","",""
"미수","(주)제이오코리아월드","2026-08-31","마감시점미수","8062500","(우리 앱에 없는 거래처)","",""
"미수","(주)카리나F&T","2026-08-31","마감시점미수","3686970","(우리 앱에 없는 거래처)","",""
"미수","(주)풍회유통","2026-08-31","마감시점미수","696036000","(우리 앱에 없는 거래처)","",""
"미수","(주)한통","2026-08-31","마감시점미수","6728000","(우리 앱에 없는 거래처)","",""
"미수","(주)해내음식품","2026-08-31","마감시점미수","6000000","(우리 앱에 없는 거래처)","",""
"미수","**안사장님","2026-08-31","마감시점미수","19548150","1325650","-18222500","c-misu-1785823642594-an"
"미수","**진수성찬","2026-08-31","마감시점미수","120000","(우리 앱에 없는 거래처)","",""
"미수","가미김밥","2026-08-31","마감시점미수","252000","0","-252000","C002"
"미수","강호식품","2026-08-31","마감시점미수","0","-1130000","-1130000","C004"
"미수","건양식당","2026-08-31","마감시점미수","132000","-36000","-168000","c-1773562368945"
"미수","광명본갈비","2026-08-31","마감시점미수","182000","0","-182000","C006"
"미수","글로벌유통","2026-08-31","마감시점미수","1460000","608000","-852000","c-1775462569876"
"미수","김동환","2026-08-31","마감시점미수","12600","(우리 앱에 없는 거래처)","",""
"미수","나라식품","2026-08-31","마감시점미수","3626000","-184000","-3810000","C009"
"미수","나인원","2026-08-31","마감시점미수","24573000","(우리 앱에 없는 거래처)","",""
"미수","논두렁오리주물럭 선릉직영점","2026-08-31","마감시점미수","322000","(우리 앱에 없는 거래처)","",""
"미수","논두렁오리주물럭 잠실새내직영점","2026-08-31","마감시점미수","322000","-140000","-462000","c-1778831007772"
"미수","논두렁오리주물럭광명본점","2026-08-31","마감시점미수","714000","140000","-574000","c-1773552155429"
"미수","다싸다마켓","2026-08-31","마감시점미수","620000","(우리 앱에 없는 거래처)","",""
"미수","대농라이스푸드","2026-08-31","마감시점미수","570000","-480000","-1050000","C013"
"미수","대성농산","2026-08-31","마감시점미수","0","-466000","-466000","c-1784611917947"
"미수","대양식품","2026-08-31","마감시점미수","700000","(우리 앱에 없는 거래처)","",""
"미수","대왕푸드(우리식품)","2026-08-31","마감시점미수","538650","(우리 앱에 없는 거래처)","",""
"미수","라이온스","2026-08-31","마감시점미수","1302000","(우리 앱에 없는 거래처)","",""
"미수","무경유통","2026-08-31","마감시점미수","380000","0","-380000","C027"
"미수","색동면옥(안녕동)","2026-08-31","마감시점미수","576000","-576000","-1152000","C034"
"미수","서래농산","2026-08-31","마감시점미수","0","-4130000","-4130000","C036"
"미수","신길남사장님","2026-08-31","마감시점미수","294000","(우리 앱에 없는 거래처)","",""
"미수","알이네식품","2026-08-31","마감시점미수","4626000","-1269000","-5895000","C045"
"미수","양념마을(구리지점)","2026-08-31","마감시점미수","21782710","0","-21782710","c-misu-1785823642594-yn"
"미수","엠에스식품","2026-08-31","마감시점미수","0","-600000","-600000","C049"
"미수","완도식품","2026-08-31","마감시점미수","0","-1461200","-1461200","C050"
"미수","유통가교 ","2026-08-31","마감시점미수","620000","-1135000","-1755000","C055"
"미수","유통가교정사장님","2026-08-31","마감시점미수","-7500","(우리 앱에 없는 거래처)","",""
"미수","일산현대-농가식품","2026-08-31","마감시점미수","176200","(우리 앱에 없는 거래처)","",""
"미수","일성상회","2026-08-31","마감시점미수","2150000","-1268000","-3418000","C060"
"미수","일품(지안푸드)","2026-08-31","마감시점미수","102000","0","-102000","c-misu-1785823904191-1"
"미수","임흥섭","2026-08-31","마감시점미수","1100000","(우리 앱에 없는 거래처)","",""
"미수","제일큰마트(충주)","2026-08-31","마감시점미수","1035200","(우리 앱에 없는 거래처)","",""
"미수","주식회사 새봄푸드","2026-08-31","마감시점미수","2710000","(우리 앱에 없는 거래처)","",""
"미수","주식회사 선민유통","2026-08-31","마감시점미수","540000","(우리 앱에 없는 거래처)","",""
"미수","주식회사 엘생명","2026-08-31","마감시점미수","6644400","(우리 앱에 없는 거래처)","",""
"미수","주식회사대왕푸드","2026-08-31","마감시점미수","379000","(우리 앱에 없는 거래처)","",""
"미수","주식회사풍회유통","2026-08-31","마감시점미수","128240000","(우리 앱에 없는 거래처)","",""
"미수","지구식품","2026-08-31","마감시점미수","3577750","2040000","-1537750","C066"
"미수","진현","2026-08-31","마감시점미수","536400","44400","-492000","c-1776143123565"
"미수","진화상회","2026-08-31","마감시점미수","1280000","(우리 앱에 없는 거래처)","",""
"미수","짠지네식품","2026-08-31","마감시점미수","0","-2433400","-2433400","C068"
"미수","천지유통","2026-08-31","마감시점미수","0","-684400","-684400","C069"
"미수","태백식품","2026-08-31","마감시점미수","0","5159600","5159600","c-taebaek-food"
"미수","푸드원","2026-08-31","마감시점미수","982800","516000","-466800","C074"
"미수","푸미푸드","2026-08-31","마감시점미수","0","-2253475","-2253475","c-1775615990718"
"미수","한신기름","2026-08-31","마감시점미수","600000","(우리 앱에 없는 거래처)","",""
"미수","한울유통","2026-08-31","마감시점미수","7027600","0","-7027600","C076"
"미수","해까득","2026-08-31","마감시점미수","152000","(우리 앱에 없는 거래처)","",""
"미수","해달","2026-08-31","마감시점미수","1196000","0","-1196000","C079"
"미수","해피유통(더 해피)","2026-08-31","마감시점미수","9700000","(우리 앱에 없는 거래처)","",""
"미수","현대유통(원주)","2026-08-31","마감시점미수","2326000","-3068000","-5394000","C082"
"미수","황가네푸드","2026-08-31","마감시점미수","1098200","(우리 앱에 없는 거래처)","",""