품목,거래처,방향,단가,지금,왜 봐야 하나,전표에서 끊긴 값,다른 거래처는
"고춧가루 1kg","진보반찬","매출","9000","면세","거래처마다 섞임","없음","과세 2 / 면세 1"
"고춧가루 1kg","청정식품","매입","7500","과세","거래처마다 섞임","없음","과세 2 / 면세 1"
"고춧가루 1kg","한통","매출","8500","과세","거래처마다 섞임","없음","과세 2 / 면세 1"
"고춧가루 5kg","청정식품","매입","7500","과세","약한 근거로 채움","없음","과세 2 / 면세 0"
"깨분","따나카코리아","매입","2970","과세","약한 근거로 채움","없음","과세 3 / 면세 0"
"깨분","카프코","매입","2970","과세","약한 근거로 채움","없음","과세 3 / 면세 0"
"깨분참기름/16.5kg","청정식품","매입","116982.75","과세","약한 근거로 채움","없음","과세 4 / 면세 0"
"들향기름","가득찬식품","매입","6600","과세","약한 근거로 채움","없음","과세 10 / 면세 0"
"들향기름","대왕푸드","매출","7400","과세","약한 근거로 채움","없음","과세 10 / 면세 0"
"들향기름","무경유통","매출","7700","과세","약한 근거로 채움","없음","과세 10 / 면세 0"
"들향기름","에덴식당재료마트","매출","8200","과세","약한 근거로 채움","없음","과세 10 / 면세 0"
"들향기름","제일큰마트","매출","7500","과세","약한 근거로 채움","없음","과세 10 / 면세 0"
"들향기름","피쉬메이져","매출","8000","과세","약한 근거로 채움","없음","과세 10 / 면세 0"
"들향기름골드","대왕푸드","매출","8200","과세","약한 근거로 채움","없음","과세 4 / 면세 0"
"들향기름골드","완도식품","매출","9700","과세","약한 근거로 채움","없음","과세 4 / 면세 0"
"들향기름골드","훈장골","매출","10000","과세","약한 근거로 채움","없음","과세 4 / 면세 0"
"맛기름","가득찬식품","매입","6000","과세","약한 근거로 채움","없음","과세 8 / 면세 0"
"맛기름","강변방아간","매출","7000","과세","약한 근거로 채움","없음","과세 8 / 면세 0"
"맛기름","거산농산","매출","6500","과세","약한 근거로 채움","없음","과세 8 / 면세 0"
"맛기름","대성농산","매출","6000","과세","약한 근거로 채움","없음","과세 8 / 면세 0"
"맛기름","대왕푸드","매출","6500","과세","약한 근거로 채움","없음","과세 8 / 면세 0"
"맛기름","푸드원","매출","6700","과세","약한 근거로 채움","없음","과세 8 / 면세 0"
"볶음검정참깨/1kg","거산농산","매출","11000","과세","거래처마다 섞임","없음","과세 4 / 면세 3"
"볶음검정참깨/1kg","거산농산","매출","11000","과세","약한 근거로 채움","없음","과세 6 / 면세 0"
"볶음검정참깨/1kg","대성농산","매출","11000","과세","거래처마다 섞임","없음","과세 4 / 면세 3"
"볶음검정참깨/1kg","대성농산","매출","1100","과세","약한 근거로 채움","없음","과세 6 / 면세 0"
"볶음검정참깨/1kg","대승종합식자재","매출","12700","과세","거래처마다 섞임","없음","과세 4 / 면세 3"
"볶음검정참깨/1kg","대왕푸드","매출","11000","과세","거래처마다 섞임","없음","과세 4 / 면세 3"
"볶음검정참깨/1kg","무경유통","매출","11000","면세","거래처마다 섞임","없음","과세 4 / 면세 3"
"볶음검정참깨/1kg","무경유통","매출","11000","과세","약한 근거로 채움","없음","과세 6 / 면세 0"
"볶음검정참깨/1kg","유원식품(시흥)","매출","11000","면세","거래처마다 섞임","없음","과세 4 / 면세 3"
"볶음검정참깨/1kg","짠지네식품","매출","11000","면세","거래처마다 섞임","없음","과세 4 / 면세 3"
"볶음검정참깨/1kg","짠지네식품","매출","11000","과세","약한 근거로 채움","없음","과세 6 / 면세 0"
"볶음검정참깨/1kg","청정식품","매출","11000","과세","약한 근거로 채움","없음","과세 6 / 면세 0"
"볶음들깨","수입","매입","6700","면세","약한 근거로 채움","없음","과세 0 / 면세 2"
"볶음참깨","(인천)청정식품","매입","5400","과세","거래처마다 섞임","과세 1 / 면세 1","과세 2 / 면세 1"
"볶음참깨","새봄푸드","매출","5600","과세","거래처마다 섞임","과세 1 / 면세 1","과세 2 / 면세 1"
"볶음참깨","정다운상회","매출","123000","면세","거래처마다 섞임","과세 1 / 면세 1","과세 2 / 면세 1"
"볶음참깨-낱개/1kg","거산농산","매출","5600","과세","거래처마다 섞임","과세 1 / 면세 0","과세 31 / 면세 1"
"볶음참깨-낱개/1kg","건양식당","매출","7200","과세","거래처마다 섞임","과세 1 / 면세 0","과세 31 / 면세 1"
"볶음참깨-낱개/1kg","고창유통(청정연수)","매출","6000","과세","거래처마다 섞임","과세 1 / 면세 0","과세 31 / 면세 1"
"볶음참깨-낱개/1kg","김밥나라(송파)","매출","7500","과세","거래처마다 섞임","과세 1 / 면세 0","과세 31 / 면세 1"
"볶음참깨-낱개/1kg","김밥담","매출","7500","과세","거래처마다 섞임","과세 1 / 면세 0","과세 31 / 면세 1"
"볶음참깨-낱개/1kg","김밥천국(관설동)","매출","7500","과세","거래처마다 섞임","과세 1 / 면세 0","과세 31 / 면세 1"
"볶음참깨-낱개/1kg","나라식품","매출","6200","과세","거래처마다 섞임","과세 1 / 면세 0","과세 31 / 면세 1"
"볶음참깨-낱개/1kg","남양유통","매출","6000","과세","거래처마다 섞임","과세 1 / 면세 0","과세 31 / 면세 1"
"볶음참깨-낱개/1kg","논두렁오리주물럭(광명본점)","매출","7000","과세","거래처마다 섞임","과세 1 / 면세 0","과세 31 / 면세 1"
"볶음참깨-낱개/1kg","논두렁오리주물럭(선릉)","매출","7000","과세","거래처마다 섞임","과세 1 / 면세 0","과세 31 / 면세 1"
"볶음참깨-낱개/1kg","논두렁오리주물럭(잠실새내직영점)","매출","7000","과세","거래처마다 섞임","과세 1 / 면세 0","과세 31 / 면세 1"
"볶음참깨-낱개/1kg","대성농산","매출","5500","과세","거래처마다 섞임","과세 1 / 면세 0","과세 31 / 면세 1"
"볶음참깨-낱개/1kg","대승종합식자재","매출","6400","과세","거래처마다 섞임","과세 1 / 면세 0","과세 31 / 면세 1"
"볶음참깨-낱개/1kg","대왕푸드","매출","5800","과세","거래처마다 섞임","과세 1 / 면세 0","과세 31 / 면세 1"
"볶음참깨-낱개/1kg","동우","매출","6200","과세","거래처마다 섞임","과세 1 / 면세 0","과세 31 / 면세 1"
"볶음참깨-낱개/1kg","무경유통","매출","5800","면세","전표와 어긋남 · 거래처마다 섞임","과세 1 / 면세 0","과세 31 / 면세 1"
"볶음참깨-낱개/1kg","반석에프앤비","매출","6300","과세","거래처마다 섞임","과세 1 / 면세 0","과세 31 / 면세 1"
"볶음참깨-낱개/1kg","서래농산","매출","6000","과세","거래처마다 섞임","과세 1 / 면세 0","과세 31 / 면세 1"
"볶음참깨-낱개/1kg","세화식품","매출","6200","과세","거래처마다 섞임","과세 1 / 면세 0","과세 31 / 면세 1"
"볶음참깨-낱개/1kg","수암식품","매출","5800","과세","거래처마다 섞임","과세 1 / 면세 0","과세 31 / 면세 1"
"볶음참깨-낱개/1kg","아침식탁","매출","7000","과세","거래처마다 섞임","과세 1 / 면세 0","과세 31 / 면세 1"
"볶음참깨-낱개/1kg","양념나라","매출","6200","과세","거래처마다 섞임","과세 1 / 면세 0","과세 31 / 면세 1"
"볶음참깨-낱개/1kg","완도식품","매출","6200","과세","거래처마다 섞임","과세 1 / 면세 0","과세 31 / 면세 1"
"볶음참깨-낱개/1kg","유통가교","매출","6000","과세","거래처마다 섞임","과세 1 / 면세 0","과세 31 / 면세 1"
"볶음참깨-낱개/1kg","으뜸건어물","매출","6300","과세","거래처마다 섞임","과세 1 / 면세 0","과세 31 / 면세 1"
"볶음참깨-낱개/1kg","제이엔케이","매입","181.5","과세","거래처마다 섞임","과세 1 / 면세 0","과세 31 / 면세 1"
"볶음참깨-낱개/1kg","짠지네식품","매출","6200","과세","거래처마다 섞임","과세 1 / 면세 0","과세 31 / 면세 1"
"볶음참깨-낱개/1kg","청정식품","매출","5300","과세","거래처마다 섞임","과세 1 / 면세 0","과세 31 / 면세 1"
"볶음참깨-낱개/1kg","푸미푸드","매입","550","과세","거래처마다 섞임","과세 1 / 면세 0","과세 31 / 면세 1"
"볶음참깨-낱개/1kg","한통","매출","6000","과세","거래처마다 섞임","과세 1 / 면세 0","과세 31 / 면세 1"
"볶음참깨-낱개/1kg","현대유통(원주)","매출","6200","과세","거래처마다 섞임","과세 1 / 면세 0","과세 31 / 면세 1"
"볶음참깨-낱개/1kg","훈장골","매출","7500","과세","거래처마다 섞임","과세 1 / 면세 0","과세 31 / 면세 1"
"볶음참깨/1kg","대왕푸드","매출","5800","과세","약한 근거로 채움","없음","과세 2 / 면세 0"
"시골향들기름/1750ML","건양식당","매출","25000","면세","약한 근거로 채움","없음","과세 0 / 면세 5"
"시골향들기름/1750ML","김밥담","매출","26000","과세","거래처마다 섞임 · 약한 근거로 채움","없음","과세 6 / 면세 2"
"시골향들기름/1750ML","김밥천국(관설동)","매출","26000","과세","거래처마다 섞임 · 약한 근거로 채움","없음","과세 6 / 면세 2"
"시골향들기름/1750ML","대농라이스푸드","매출","25000","면세","약한 근거로 채움","없음","과세 0 / 면세 5"
"시골향들기름/1750ML","세화식품","매출","25000","과세","거래처마다 섞임 · 약한 근거로 채움","없음","과세 6 / 면세 2"
"시골향들기름/1750ML","세화식품","매출","25000","면세","약한 근거로 채움","없음","과세 0 / 면세 5"
"시골향들기름/1750ML","아침식탁","매출","27000","과세","거래처마다 섞임 · 약한 근거로 채움","없음","과세 6 / 면세 2"
"시골향들기름/1750ML","유원식품(시흥)","매출","25000","과세","거래처마다 섞임","없음","과세 6 / 면세 2"
"시골향들기름/1750ML","유원식품(시흥)","매출","25000","면세","약한 근거로 채움","없음","과세 0 / 면세 5"
"시골향들기름/1750ML","일성상회","매출","23000","면세","거래처마다 섞임 · 약한 근거로 채움","없음","과세 6 / 면세 2"
"시골향들기름/1750ML","현대유통(원주)","매출","25000","과세","거래처마다 섞임","없음","과세 6 / 면세 2"
"시골향들기름/1750ML","홍인농산","매출","23000","면세","거래처마다 섞임 · 약한 근거로 채움","없음","과세 6 / 면세 2"
"시골향들기름/병/350ml","동일농산","매출","6000","면세","거래처마다 섞임","없음","과세 3 / 면세 4"
"시골향들기름/병/350ml","무경유통","매출","6500","면세","거래처마다 섞임","없음","과세 3 / 면세 4"
"시골향들기름/병/350ml","유원식품(시흥)","매출","6500","과세","거래처마다 섞임","없음","과세 3 / 면세 4"
"시골향들기름/병/350ml","유통가교","매출","5000","면세","거래처마다 섞임","없음","과세 3 / 면세 4"
"시골향들기름/병/350ml","으뜸건어물","매출","6200","과세","거래처마다 섞임","없음","과세 3 / 면세 4"
"시골향들기름/병/350ml","제일큰마트","매출","7000","과세","거래처마다 섞임","없음","과세 3 / 면세 4"
"시골향들기름/병/350ml","홍인농산","매출","6000","면세","거래처마다 섞임","없음","과세 3 / 면세 4"
"시골향들기름/병/특/350ml","고창유통(청정연수)","매출","6000","과세","약한 근거로 채움","없음","과세 4 / 면세 0"
"시골향들깨가루(고운)/4kg","세화식품","매출","28000","과세","거래처마다 섞임","과세 1 / 면세 1","과세 1 / 면세 1"
"시골향들깨가루(고운)/4kg","정다운상회","매출","29000","면세","거래처마다 섞임","과세 1 / 면세 1","과세 1 / 면세 1"
"시골향들깨가루(중간)/1kg","대농라이스푸드","매출","7500","면세","거래처마다 섞임","없음","과세 1 / 면세 6"
"시골향들깨가루(중간)/1kg","대농라이스푸드","매출","7500","과세","거래처마다 섞임","과세 1 / 면세 1","과세 3 / 면세 2"
"시골향들깨가루(중간)/1kg","대왕푸드","매출","7500","면세","거래처마다 섞임","없음","과세 1 / 면세 6"
"시골향들깨가루(중간)/1kg","대왕푸드","매출","7500","면세","거래처마다 섞임","과세 1 / 면세 1","과세 3 / 면세 2"
"시골향들깨가루(중간)/1kg","새봄푸드","매출","7500","과세","거래처마다 섞임","없음","과세 1 / 면세 6"
"시골향들깨가루(중간)/1kg","새봄푸드","매출","7500","과세","거래처마다 섞임","과세 1 / 면세 1","과세 3 / 면세 2"
"시골향들깨가루(중간)/1kg","양념나라","매출","7500","면세","거래처마다 섞임","없음","과세 1 / 면세 6"
"시골향들깨가루(중간)/1kg","일성상회","매출","7500","면세","거래처마다 섞임","없음","과세 1 / 면세 6"
"시골향들깨가루(중간)/1kg","일성상회","매출","7500","면세","거래처마다 섞임","과세 1 / 면세 1","과세 3 / 면세 2"
"시골향들깨가루(중간)/1kg","짠지네식품","매출","7500","면세","거래처마다 섞임","없음","과세 1 / 면세 6"
"시골향들깨가루(중간)/1kg","청정식품","매출","7300","과세","거래처마다 섞임","과세 1 / 면세 1","과세 3 / 면세 2"
"시골향들깨가루(중간)/1kg","피쉬메이져","매출","8000","면세","거래처마다 섞임","없음","과세 1 / 면세 6"
"시골향들깨가루(중간4kg)","세화식품","매출","28000","과세","거래처마다 섞임","없음","과세 1 / 면세 1"
"시골향들깨가루(중간4kg)","일성상회","매출","30000","면세","거래처마다 섞임","없음","과세 1 / 면세 1"
"시골향볶음참깨가루/1kg","수암식품","매출","6000","면세","약한 근거로 채움","없음","과세 0 / 면세 2"
"시골향생들기름/병/300ml","대부도금수레건강밥상","매출","7500","면세","거래처마다 섞임","없음","과세 1 / 면세 1"
"시골향생들기름/병/300ml","살림터","매출","7000","과세","거래처마다 섞임","없음","과세 1 / 면세 1"
"시골향참기름/골드/1800ml","대성농산","매출","19500","과세","약한 근거로 채움","없음","과세 6 / 면세 0"
"시골향참기름/골드/1800ml","푸드원","매출","21000","과세","약한 근거로 채움","없음","과세 6 / 면세 0"
"시골향참기름/골드/1800ml","혜성","매출","21000","과세","약한 근거로 채움","없음","과세 6 / 면세 0"
"시골향참기름/골드A/1750ml","건양식당","매출","24000","과세","거래처마다 섞임","없음","과세 7 / 면세 2"
"시골향참기름/골드A/1750ml","건양식당","매출","24000","과세","거래처마다 섞임","과세 2 / 면세 0","과세 7 / 면세 2"
"시골향참기름/골드A/1750ml","김밥나라(송파)","매출","23000","과세","거래처마다 섞임","과세 2 / 면세 0","과세 7 / 면세 2"
"시골향참기름/골드A/1750ml","김밥천국(관설동)","매출","23000","과세","거래처마다 섞임","없음","과세 7 / 면세 2"
"시골향참기름/골드A/1750ml","김밥천국(관설동)","매출","23000","과세","거래처마다 섞임","과세 2 / 면세 0","과세 7 / 면세 2"
"시골향참기름/골드A/1750ml","농가식품(일산현대)","매출","20000","과세","거래처마다 섞임","없음","과세 7 / 면세 2"
"시골향참기름/골드A/1750ml","농가식품(일산현대)","매출","20000","과세","거래처마다 섞임","과세 2 / 면세 0","과세 7 / 면세 2"
"시골향참기름/골드A/1750ml","동일농산","매출","21000","면세","거래처마다 섞임","없음","과세 7 / 면세 2"
"시골향참기름/골드A/1750ml","동일농산","매출","21000","면세","전표와 어긋남 · 거래처마다 섞임","과세 2 / 면세 0","과세 7 / 면세 2"
"시골향참기름/골드A/1750ml","세화식품","매출","21000","과세","거래처마다 섞임","없음","과세 7 / 면세 2"
"시골향참기름/골드A/1750ml","세화식품","매출","21000","과세","거래처마다 섞임","과세 2 / 면세 0","과세 7 / 면세 2"
"시골향참기름/골드A/1750ml","유원식품(시흥)","매출","20000","과세","거래처마다 섞임","없음","과세 7 / 면세 2"
"시골향참기름/골드A/1750ml","유원식품(시흥)","매출","20000","과세","거래처마다 섞임","과세 2 / 면세 0","과세 7 / 면세 2"
"시골향참기름/골드A/1750ml","진수성찬","매출","23000","과세","거래처마다 섞임","없음","과세 7 / 면세 2"
"시골향참기름/골드A/1750ml","피쉬메이져","매출","22000","과세","거래처마다 섞임","없음","과세 7 / 면세 2"
"시골향참기름/골드A/1750ml","피쉬메이져","매출","22000","과세","거래처마다 섞임","과세 2 / 면세 0","과세 7 / 면세 2"
"시골향참기름/골드A/1750ml","홍인농산","매출","21000","면세","거래처마다 섞임","없음","과세 7 / 면세 2"
"시골향참기름/골드A/1750ml","홍인농산","매출","21000","면세","전표와 어긋남 · 거래처마다 섞임","과세 2 / 면세 0","과세 7 / 면세 2"
"시골향참기름/병/골드A/350ml","고창유통(청정연수)","매출","5500","과세","거래처마다 섞임","없음","과세 5 / 면세 3"
"시골향참기름/병/골드A/350ml","고창유통(청정연수)","매출","5500","면세","약한 근거로 채움","없음","과세 0 / 면세 5"
"시골향참기름/병/골드A/350ml","동일농산","매출","5000","면세","거래처마다 섞임","없음","과세 5 / 면세 3"
"시골향참기름/병/골드A/350ml","동일농산","매출","5000","면세","약한 근거로 채움","없음","과세 0 / 면세 5"
"시골향참기름/병/골드A/350ml","엠에스식품","매출","5500","과세","거래처마다 섞임","없음","과세 5 / 면세 3"
"시골향참기름/병/골드A/350ml","엠에스식품","매출","5500","면세","약한 근거로 채움","없음","과세 0 / 면세 5"
"시골향참기름/병/골드A/350ml","유원식품(시흥)","매출","5500","과세","거래처마다 섞임","없음","과세 5 / 면세 3"
"시골향참기름/병/골드A/350ml","으뜸건어물","매출","5500","과세","거래처마다 섞임","없음","과세 5 / 면세 3"
"시골향참기름/병/골드A/350ml","일성상회","매출","5000","면세","거래처마다 섞임","없음","과세 5 / 면세 3"
"시골향참기름/병/골드A/350ml","진보반찬","매출","5500","과세","거래처마다 섞임","없음","과세 5 / 면세 3"
"시골향참기름/병/골드A/350ml","진보반찬","매출","5500","면세","약한 근거로 채움","없음","과세 0 / 면세 5"
"시골향참기름/병/골드A/350ml","홍인농산","매출","5000","면세","거래처마다 섞임","없음","과세 5 / 면세 3"
"시골향참기름/병/원액/350ml","가득찬식품","매출","5000","면세","약한 근거로 채움","없음","과세 0 / 면세 3"
"시골향참기름/병/원액/350ml","대왕푸드","매출","5500","면세","약한 근거로 채움","없음","과세 0 / 면세 3"
"시골향참기름/분/1800ml","거산농산","매출","15000","과세","약한 근거로 채움","없음","과세 5 / 면세 0"
"시골향참기름/분/1800ml","대왕푸드","매출","18000","과세","약한 근거로 채움","없음","과세 5 / 면세 0"
"시골향참기름/특/1750ml","제일큰마트","매출","19000","과세","약한 근거로 채움","없음","과세 2 / 면세 0"
"시골향참기름/특골드/1750ml","해피유통(포천)","매출","22000","과세","약한 근거로 채움","없음","과세 2 / 면세 0"
"시골향참기름/특골드/1750ml","해피유통(포천)","매출","22000","과세","약한 근거로 채움","없음","과세 3 / 면세 0"
"시골향참기름/특골드/1750ml","혜성","매출","21000","과세","약한 근거로 채움","없음","과세 3 / 면세 0"
"시골향참기름/특A/1750ml","농가식품(일산현대)","매출","19000","과세","약한 근거로 채움","없음","과세 2 / 면세 0"
"시골향참기름/특A/1800ml","거산농산","매출","20000","과세","약한 근거로 채움","없음","과세 3 / 면세 0"
"시골향참기름/특A/1800ml","까치분식","매출","22000","과세","약한 근거로 채움","없음","과세 3 / 면세 0"
"시골향참기름/A/1750ml","선경푸드","매출","18000","과세","약한 근거로 채움","없음","과세 5 / 면세 0"
"시골향참기름/A/1750ml","용두쭈구미(일산점)","매출","19000","과세","약한 근거로 채움","없음","과세 4 / 면세 0"
"시골향참기름/A/1750ml","용두쭈구미(일산점)","매출","1900","과세","약한 근거로 채움","없음","과세 5 / 면세 0"
"시골향참기름/A/1750ml","용두쭈꾸미 본점","매출","19000","과세","약한 근거로 채움","없음","과세 4 / 면세 0"
"시골향참기름/A/1750ml","용두쭈꾸미 본점","매출","19000","과세","약한 근거로 채움","없음","과세 5 / 면세 0"
"시골향참기름/A/1750ml","청정식품","매출","18000","과세","약한 근거로 채움","없음","과세 5 / 면세 0"
"시골향탈피들깨가루/1kg","거산농산","매출","7500","면세","전표와 어긋남","과세 1 / 면세 0","과세 0 / 면세 7"
"시골향탈피들깨가루/1kg","대성농산","매출","780","면세","전표와 어긋남","과세 1 / 면세 0","과세 0 / 면세 7"
"시골향탈피들깨가루/1kg","대한농산","매출","750","면세","전표와 어긋남","과세 1 / 면세 0","과세 0 / 면세 7"
"시골향탈피들깨가루/1kg","무경유통","매출","8000","면세","전표와 어긋남","과세 1 / 면세 0","과세 0 / 면세 7"
"시골향탈피들깨가루/1kg","세화식품","매출","8000","면세","전표와 어긋남","과세 1 / 면세 0","과세 0 / 면세 7"
"시골향탈피들깨가루/1kg","짠지네식품","매출","8000","면세","전표와 어긋남","과세 1 / 면세 0","과세 0 / 면세 7"
"시골향탈피들깨가루/1kg","청정식품","매출","7500","면세","전표와 어긋남","과세 1 / 면세 0","과세 0 / 면세 7"
"참고소한기름","가득찬식품","매입","6800","과세","거래처마다 섞임 · 약한 근거로 채움","없음","과세 9 / 면세 1"
"참고소한기름","거산농산","매출","7800","과세","거래처마다 섞임 · 약한 근거로 채움","없음","과세 9 / 면세 1"
"참고소한기름","대승종합식자재","매출","8300","과세","거래처마다 섞임","없음","과세 9 / 면세 1"
"참고소한기름","동일농산","매출","8500","면세","거래처마다 섞임 · 약한 근거로 채움","없음","과세 9 / 면세 1"
"참고소한기름","에덴식당재료마트","매출","8700","과세","거래처마다 섞임","없음","과세 9 / 면세 1"
"참고소한기름","완도식품","매출","8000","과세","거래처마다 섞임 · 약한 근거로 채움","없음","과세 9 / 면세 1"
"참고소한기름","유원종합식품","매출","8500","과세","거래처마다 섞임 · 약한 근거로 채움","없음","과세 9 / 면세 1"
"참고소한기름","진현","매출","8200","과세","거래처마다 섞임","없음","과세 9 / 면세 1"
"참고소한기름","피쉬메이져","매출","8500","과세","거래처마다 섞임 · 약한 근거로 채움","없음","과세 9 / 면세 1"
"참고소한기름","해운각","매출","9000","과세","거래처마다 섞임 · 약한 근거로 채움","없음","과세 9 / 면세 1"
"참기름/병/원액/해피유통/300ml","해피유통(네이버커머스)","매출","4600","과세","약한 근거로 채움","없음","과세 3 / 면세 0"
"참기름/병/원액/해피유통/300ml","해피유통(포천)","매출","4600","과세","약한 근거로 채움","없음","과세 3 / 면세 0"
"참깨","소매","매출","10200","면세","거래처마다 섞임","없음","과세 1 / 면세 6"
"참깨","카프코","매입","4090","면세","거래처마다 섞임","없음","과세 1 / 면세 6"
"참깨","태백식품","매출","4111","면세","거래처마다 섞임","없음","과세 1 / 면세 6"
"참깨","풍회유통","매입","1","과세","거래처마다 섞임","없음","과세 1 / 면세 6"
"참깨","한국농수산물유통공사","매입","4021","면세","거래처마다 섞임","없음","과세 1 / 면세 6"
"참깨","해달","매출","4000","면세","거래처마다 섞임","없음","과세 1 / 면세 6"
"참깨","화통무역","매입","1","면세","거래처마다 섞임","없음","과세 1 / 면세 6"
"참진한기름","거산농산","매출","8700","과세","약한 근거로 채움","없음","과세 12 / 면세 0"
"참진한기름","남양유통","매출","8500","과세","약한 근거로 채움","없음","과세 12 / 면세 0"
"참진한기름","다농식품","매출","8200","과세","약한 근거로 채움","없음","과세 12 / 면세 0"
"참진한기름","대왕푸드","매출","8600","과세","약한 근거로 채움","없음","과세 12 / 면세 0"
"참진한기름","에덴식당재료마트","매출","9200","과세","약한 근거로 채움","없음","과세 12 / 면세 0"
"참진한기름","완도식품","매출","8700","과세","약한 근거로 채움","없음","과세 12 / 면세 0"
"참진한기름","유원종합식품","매출","9000","과세","약한 근거로 채움","없음","과세 12 / 면세 0"
"참진한기름","제일큰마트","매출","9000","과세","약한 근거로 채움","없음","과세 12 / 면세 0"
"참진한기름","청정식품","매출","8700","과세","약한 근거로 채움","없음","과세 12 / 면세 0"
"탈피들깨가루/1kg","고창유통(청정연수)","매출","7500","면세","약한 근거로 채움","없음","과세 0 / 면세 2"
"탈피들깨가루/1kg","고창유통(청정연수)","매출","750","면세","약한 근거로 채움","없음","과세 0 / 면세 2"
"p-108","c-1773842883870","매출","11000","과세","약한 근거로 채움","없음","과세 2 / 면세 0"